Model,FitSec,PredValidSec,PredTestSec,TotalSec,TrainRows,ValidRows,TestRows,EncodedFeatures,Valid_R2,Valid_RMSE,Valid_MAE,Valid_MAPE_%,Valid_MdAPE_%,Test_R2,Test_RMSE,Test_MAE,Test_MAPE_%,Test_MdAPE_%,Pass_85pct_Valid_R2,Pass_85pct_Test_R2
RandomForest,158.29,3.45,4.02,165.77,1361754,240310,400517,28,0.7252839844664745,61805996.54712414,34416655.48252699,31.80361841033302,18.681415860675248,0.7257340847414224,61804914.88120692,34382289.69909553,31.660819169790695,18.608195834092083,False,False
HistGradientBoosting,67.03,7.35,11.5,85.88,1361754,240310,400517,28,0.7236526595871429,61989233.80967697,35005796.3322101,32.61152049623243,19.225904177796608,0.7245533409086564,61937810.35696471,34940763.11739165,32.41022781982104,19.197330853038427,False,False
Ridge,11.1,0.34,0.54,11.99,1361754,240310,400517,28,-2107388781.4590068,5413285789123.364,11090858166.248299,38836.0402953772,29.055496545211312,-0.1789398598608709,128139468.74583733,47029789.6641139,47.343103677515636,29.074090085964045,False,False
